Nome do artefato,Caminho,Linha e Coluna,Descrição da regra,Correlação RN MD,Descrição do gap,Não encontrado no código,Não encontrado no MD,BDD,Tipo de Regra,Nível de Criticidade,Status,Perfil,Contexto de Negócio
Asset,prisma/schema.prisma,28:28,Status padrão do Ativo ao ser criado é DISPONIVEL,RN-AD-001,,Não,Não,"Dado que um novo Ativo é criado, Então seu status deve ser DISPONIVEL",Ciclo de Vida,Média,Implementado,Sistema,Ativos
Asset,prisma/schema.prisma,103:103,Relação entre Ativo e Lote permite que Ativos sejam vinculados a Lotes,RN-AD-012,,Não,Não,"Dado que um Ativo existe, Quando é associado a um Lote, Então o vínculo é registrado em AssetsOnLots",Integridade de Dados,Alta,Implementado,Admin,Leilão
Auction,prisma/schema.prisma,117:117,Status padrão do Leilão ao ser criado é RASCUNHO,RN-AD-010,,Não,Não,"Dado que um novo Leilão é criado, Então seu status deve ser RASCUNHO",Ciclo de Vida,Média,Implementado,Admin,Leilão
Auction,prisma/schema.prisma,123:123,Método padrão de leilão é STANDARD,RN-020,,Não,Não,"Dado que um leilão é criado sem especificar método, Então o método deve ser STANDARD",Configuração,Baixa,Implementado,Admin,Leilão
Auction,prisma/schema.prisma,124:124,Participação padrão do leilão é ONLINE,RN-017,,Não,Não,"Dado que um leilão é criado sem especificar participação, Então deve ser ONLINE",Configuração,Baixa,Implementado,Admin,Leilão
Auction,prisma/schema.prisma,146:146,Configuração de Soft Close no leilão para evitar sniping,RN-AD-005,,Não,Não,"Dado um leilão com Soft Close habilitado, Quando um lance é dado no fim do prazo, Então o tempo é estendido",Tempo Real,Alta,Implementado,Leiloeiro,Leilão
AuctionHabilitation,prisma/schema.prisma,186:186,Usuário deve se habilitar em cada leilão individualmente para dar lances,RN-AD-007,,Não,Não,"Dado um usuário autenticado, Quando tenta dar um lance, Então deve possuir registro em AuctionHabilitation para aquele leilão",Segurança/Elegibilidade,Bloqueante,Implementado,Arrematante,Leilão
Bid,prisma/schema.prisma,232:232,Status padrão do Lance é ATIVO,RN-AD-002,,Não,Não,"Dado que um lance é realizado com sucesso, Então seu status inicial deve ser ATIVO",Transacional,Alta,Implementado,Arrematante,Lances
Bid,prisma/schema.prisma,243:243,Origem padrão do lance é MANUAL,RN-AD-002,,Não,Não,"Dado que um lance é realizado pelo usuário, Então a origem deve ser registrada como MANUAL",Auditoria,Baixa,Implementado,Arrematante,Lances
Bid,prisma/schema.prisma,251:251,Chave de idempotência única por tenant para evitar lances duplicados,RN-001,,Não,Não,"Dado que um lance é enviado, Quando possui uma chave de idempotência já processada, Então o lance duplicado é rejeitado",Segurança/Integridade,Alta,Implementado,Sistema,Lances
Lot,prisma/schema.prisma,546:546,Status padrão do Lote ao ser criado é EM_BREVE,RN-AD-012,,Não,Não,"Dado que um novo Lote é criado, Então seu status deve ser EM_BREVE",Ciclo de Vida,Média,Implementado,Admin,Lote
PlatformSettings,prisma/schema.prisma,824:824,Flag isSetupComplete controla se o setup inicial foi concluído,RN-016,,Não,Não,"Dado que o sistema inicia, Quando isSetupComplete for falso, Então o usuário deve ser redirecionado para o setup",Configuração,Bloqueante,Implementado,Admin,Sistema
RealtimeSettings,prisma/schema.prisma,903:903,Habilitação de Blockchain para registro imutável de transações,RN-REALTIME-001,,Não,Não,"Dado que o Blockchain está habilitado, Então as transações críticas devem ser registradas na rede configurada",Segurança,Alta,Implementado,Admin,Sistema
VariableIncrementRule,prisma/schema.prisma,1178:1178,Regras de incremento variável baseadas em faixas de valor,RN-AD-003,,Não,Não,"Dado um valor de lote em uma faixa X, Quando o próximo lance é calculado, Então deve seguir o incremento definido para essa faixa",Financeiro/Cálculo,Alta,Implementado,Sistema,Lances
Role,prisma/seed.ts,101:101,Definição de permissões granulares por papel (ADMIN, ANALYST, etc),RN-010,,Não,Não,"Dado um usuário com papel de BIDDER, Quando tenta acessar áreas administrativas, Então o acesso deve ser negado",Segurança/Acesso,Bloqueante,Implementado,Admin,Segurança
Tenant,prisma/seed.ts,84:84,Tenant 1 é reservado para a plataforma principal (Lordland),RN-001,,Não,Não,"Dado o ID do tenant igual a 1, Então o sistema identifica como a plataforma principal",Multi-tenant,Alta,Implementado,Sistema,Sistema
LotService,src/services/lot.service.ts,11:13,Lotes só podem ser abertos se possuírem pelo menos 1 Ativo vinculado,RN-AD-012,,Não,Não,"Dado um Lote em RASCUNHO, Quando o usuário tenta alterar para ABERTO_PARA_LANCES e o Lote não tem Ativos, Então a transição deve ser bloqueada",Integridade de Dados,Alta,Implementado,Admin,Lotes
LotService,src/services/lot.service.ts,14:14,Lote só abre se o Leilão estiver ABERTO ou ABERTO_PARA_LANCES,RN-AD-012,,Não,Não,"Dado um Leilão em RASCUNHO, Quando um Lote vinculado tenta ser aberto, Então a transição é bloqueada",Integridade de Dados,Alta,Implementado,Admin,Lotes
LotService,src/services/lot.service.ts,116:116,Ao vincular Ativo ao Lote o status do Ativo muda para LOTEADO automaticamente,RN-AD-001,,Não,Não,"Dado um Ativo DISPONIVEL, Quando é vinculado a um Lote, Então seu status muda para LOTEADO",Ciclo de Vida,Média,Implementado,Admin,Ativos
LotService,src/services/lot.service.ts,144:144,Ao desvincular Ativo do Lote ele volta a ser DISPONIVEL se não houver outros vínculos,RN-AD-001,,Não,Não,"Dado um Ativo LOTEADO, Quando é removido do único Lote vinculado, Então seu status volta para DISPONIVEL",Ciclo de Vida,Média,Implementado,Admin,Ativos
LotService,src/services/lot.service.ts,335:335,Lances para o público geral filtram leilões/lotes em RASCUNHO ou PREPARACAO,RN-AD-010,,Não,Não,"Dado um usuário Convidado, Quando acessa a lista de lotes, Então não deve ver lotes em RASCUNHO",Visibilidade,Alta,Implementado,Convidado,Lotes
LotService,src/services/lot.service.ts,482:482,Finalização de Lote marca como ARREMATADO e registra vencedor,RN-AD-012,,Não,Não,"Dado um Lote em pregão, Quando o tempo encerra com lances, Então o lote é marcado como ARREMATADO e o vencedor é vinculado",Ciclo de Vida,Alta,Implementado,Sistema,Lotes
LotService,src/services/lot.service.ts,506:506,Lance Máximo (Auto-bid) permite que o sistema dê lances automaticamente até o limite,RN-AD-002,,Não,Não,"Dado um usuário com lance máximo de 1000, Quando um terceiro dá lance de 500, Então o sistema dá lance automático de 510 em nome do usuário",Transacional,Alta,Implementado,Arrematante,Lances
AuctionService,src/services/auction.service.ts,12:13,Leilões só podem ser abertos se possuírem pelo menos 1 Lote válido,RN-020,,Não,Não,"Dado um Leilão sem lotes, Quando o administrador tenta mudar o status para ABERTO, Então a operação deve ser bloqueada",Integridade de Dados,Alta,Implementado,Admin,Leilão
AuctionService,src/services/auction.service.ts,136:136,Ao abrir Leilão, Lotes em RASCUNHO ou EM_BREVE que estejam prontos mudam para ABERTO_PARA_LANCES,RN-020,,Não,Não,"Dado um Leilão em PREPARACAO, Quando o status muda para ABERTO_PARA_LANCES, Então todos os lotes prontos também mudam para ABERTO_PARA_LANCES",Ciclo de Vida,Alta,Implementado,Sistema,Leilão
AuctionService,src/services/auction.service.ts,168:168,Ao encerrar Leilão, todos os Lotes abertos são encerrados automaticamente,RN-AD-012,,Não,Não,"Dado um Leilão ABERTO, Quando seu status muda para ENCERRADO, Então todos os lotes vinculados mudam para ENCERRADO",Ciclo de Vida,Alta,Implementado,Sistema,Leilão
AuctionService,src/services/auction.service.ts,403:403,Excluir Leilão só é permitido se não houver lotes associados,RN-AD-012,,Não,Não,"Dado um Leilão com 5 lotes, Quando o administrador tenta excluir o leilão, Então a operação deve ser negada com erro informativo",Integridade de Dados,Média,Implementado,Admin,Leilão
BidEngineV2,src/services/bid-engine-v2.service.ts,84:84,Lance deve ser maior que o preço atual se já houver lances,RN-AD-002,,Não,Não,"Dado um Lote com lance de 100, Quando um usuário tenta dar lance de 100 ou menos, Então o lance é rejeitado",Regras de Lance,Alta,Implementado,Arrematante,Lances
BidEngineV2,src/services/bid-engine-v2.service.ts,89:89,Respeitar incremento mínimo configurado no lote,RN-AD-003,,Não,Não,"Dado um Lote com lance de 100 e incremento de 10, Quando um usuário tenta dar lance de 105, Então o lance é rejeitado",Regras de Lance,Alta,Implementado,Arrematante,Lances
BidEngineV2,src/services/bid-engine-v2.service.ts,97:97,Estratégia de idempotência para evitar lances duplicados,RN-001,,Não,Não,"Dado um lance enviado com sucesso, Quando o mesmo lance (mesmo payload/chave) é enviado novamente em curto intervalo, Então o segundo é ignorado",Segurança,Alta,Implementado,Sistema,Lances
BidEngineV2,src/services/bid-engine-v2.service.ts,131:131,Optimistic Locking via Transação para garantir integridade em lances simultâneos,RN-001,,Não,Não,"Dado dois usuários dando lance no mesmo milissegundo, Quando o primeiro é processado, Então o segundo deve falhar e pedir atualização",Integridade,Alta,Implementado,Sistema,Lances
BidEngineV2,src/services/bid-engine-v2.service.ts,244:244,Soft Close estende o prazo do leilão se houver lance no fim,RN-AD-005,,Não,Não,"Dado um leilão que encerra em 2 minutos, Quando um lance é dado, Então o prazo é estendido em X minutos",Tempo Real,Alta,Implementado,Sistema,Leilão
AdminImpersonationService,src/services/admin-impersonation.service.ts,104:104,Impersonação Administrativa exige role de ADMIN,RN-024,,Não,Não,"Dado um usuário com role BIDDER, Quando tenta impersonar outro usuário, Então a operação é negada",Segurança,Alta,Implementado,Admin,Segurança
AdminImpersonationService,src/services/admin-impersonation.service.ts,116:116,Conversão segura de IDs para BigInt em operações de impersonação,RN-012,,Não,Não,"Dado um ID de usuário como string, Quando processado pelo serviço, Então deve ser convertido para BigInt com segurança",Integridade,Média,Implementado,Sistema,Segurança
SuperOpportunitiesService,src/services/super-opportunities.service.ts,48:48,Apenas lotes com status ABERTO_PARA_LANCES aparecem nas Super Oportunidades,RN-024,,Não,Não,"Dado um lote em EM_BREVE, Quando a home carrega, Então o lote não deve aparecer na seção Super Oportunidades",Filtragem,Média,Implementado,Arrematante,Marketing
SuperOpportunitiesService,src/services/super-opportunities.service.ts,54:54,Apenas leilões com pelo menos uma praça (AuctionStage) aparecem,RN-024,,Não,Não,"Dado um leilão sem praças, Quando o sistema busca Super Oportunidades, Então nenhum lote deste leilão deve ser retornado",Integridade,Alta,Implementado,Arrematante,Marketing
SuperOpportunitiesService,src/services/super-opportunities.service.ts,110:110,Lotes com data de encerramento no passado são filtrados,RN-024,,Não,Não,"Dado um lote que encerrou há 1 hora, Quando a home carrega, Então o lote não deve ser exibido",Integridade,Alta,Implementado,Arrematante,Marketing
SuperOpportunitiesService,src/services/super-opportunities.service.ts,115:115,Apenas lotes encerrando dentro do prazo configurado (default 7 dias),RN-024,,Não,Não,"Dado um lote que encerra em 10 dias, Quando o limite é 7 dias, Então o lote não deve ser exibido",Filtragem,Média,Implementado,Arrematante,Marketing
RelistService,src/services/relist.service.ts,33:33,Apenas lotes NAO_VENDIDO ou ENCERRADO podem ser relistados,RN-AD-006,,Não,Não,"Dado um lote VENDIDO, Quando o administrador tenta relistar, Então a operação é negada",Regras de Processo,Média,Implementado,Admin,Lotes
RelistService,src/services/relist.service.ts,53:53,Lote relistado reseta contadores de lances e visualizações,RN-AD-006,,Não,Não,"Dado um lote com 50 lances que será relistado, Quando a cópia é criada, Então seu bidsCount deve ser 0",Integridade,Baixa,Implementado,Sistema,Lotes
RelistService,src/services/relist.service.ts,66:66,Permitir aplicação de desconto no preço ao relistar,RN-AD-006,,Não,Não,"Dado um lote de 1000, Quando relistado com 10% de desconto, Então o novo preço deve ser 900",Financeiro,Média,Implementado,Admin,Lotes
RelistService,src/services/relist.service.ts,77:77,Lote original muda status para RELISTADO após o processo,RN-AD-006,,Não,Não,"Dado um lote NAO_VENDIDO, Quando é relistado com sucesso, Então seu status muda para RELISTADO",Ciclo de Vida,Baixa,Implementado,Sistema,Lotes
AutoBidService,src/services/auto-bid.service.ts,33:33,Auto-bid apenas funciona em lotes com status ABERTO_PARA_LANCES,RN-AD-002,,Não,Não,"Dado um lote ENCERRADO, Quando um lance automático tenta ser processado, Então a operação deve ser ignorada",Regras de Lance,Alta,Implementado,Arrematante,Lances
AutoBidService,src/services/auto-bid.service.ts,37:37,Auto-bid não pode ser disparado pelo próprio usuário que deu o último lance,RN-AD-002,,Não,Não,"Dado um usuário que acabou de dar um lance manual, Quando o sistema verifica auto-bids, Então o lance automático deste mesmo usuário não deve ser disparado",Regras de Lance,Média,Implementado,Arrematante,Lances
AutoBidService,src/services/auto-bid.service.ts,116:116,Lance Máximo deve ser estritamente maior que o lance atual,RN-AD-002,,Não,Não,"Dado um lote com lance de 500, Quando um usuário tenta configurar lance máximo de 500, Então o sistema deve rejeitar",Financeiro,Média,Implementado,Arrematante,Lances
AutoBidService,src/services/auto-bid.service.ts,144:144,Ao configurar lance máximo o sistema dá o primeiro lance automaticamente se possível,RN-AD-002,,Não,Não,"Dado um lote sem lances e incremento de 10, Quando um usuário configura lance máximo de 100, Então o sistema deve registrar o primeiro lance de 10 em nome do usuário",Transacional,Alta,Implementado,Arrematante,Lances
AuctionHabilitationRepository,src/repositories/auction-habilitation.repository.ts,6:6,Habilitação vincula usuário ao leilão de forma única (upsert),RN-AD-007,,Não,Não,"Dado um usuário já habilitado em um leilão, Quando tenta se habilitar novamente, Então o registro existente deve ser atualizado em vez de duplicado",Integridade,Alta,Implementado,Arrematante,Segurança
AssetService,src/services/asset.service.ts,15:15,Não é permitido excluir Ativos vinculados a Lotes em BREVE ou ABERTO,RN-AD-012,,Não,Não,"Dado um Ativo vinculado a um Lote ABERTO, Quando o administrador tenta excluir o Ativo, Então a operação deve ser bloqueada",Integridade,Alta,Implementado,Admin,Ativos
AssetService,src/services/asset.service.ts,16:16,Ativos em lotes vendidos mudam status para VENDIDO automaticamente,RN-AD-001,,Não,Não,"Dado um Ativo vinculado a um Lote, Quando o lote é marcado como VENDIDO, Então o status do Ativo deve mudar para VENDIDO",Ciclo de Vida,Alta,Implementado,Sistema,Ativos
AssetService,src/services/asset.service.ts,278:278,Sincronização de status do Ativo reverte para DISPONIVEL se todos os vínculos forem removidos,RN-AD-001,,Não,Não,"Dado um Ativo LOTEADO, Quando o único Lote vinculado é excluído, Então o status do Ativo deve voltar para DISPONIVEL",Ciclo de Vida,Média,Implementado,Sistema,Ativos
UserService,src/services/user.service.ts,246:246,Habilitação do usuário automática após aprovação de todos os documentos obrigatórios,RN-AD-007,,Não,Não,"Dado um usuário com todos os documentos aprovados, Quando o sistema verifica a habilitação, Então o status do usuário deve mudar para HABILITADO e ganhar a role BIDDER",Elegibilidade,Alta,Implementado,Arrematante,Usuários
UserService,src/services/user.service.ts,111:111,Papel padrão 'USER' é atribuído na criação se nenhum outro for especificado,RN-010,,Não,Não,"Dado um novo cadastro de usuário, Quando nenhum papel é selecionado, Então o papel USER deve ser atribuído automaticamente",Segurança,Média,Implementado,Arrematante,Usuários
BidderService,src/services/bidder.service.ts,62:62,Validação Zod mandatória para atualização de perfil do bidder,RN-010,,Não,Não,"Dado uma requisição de atualização de perfil, Quando os dados não seguem o schema Zod, Então a atualização deve ser rejeitada",Segurança,Alta,Implementado,Arrematante,Bidder
SellerService,src/services/seller.service.ts,120:120,Garantir unicidade de nome/slug para comitentes por tenant,RN-001,,Não,Não,"Dado um comitente com nome 'X' no tenant 1, Quando tenta-se criar outro comitente 'X' no mesmo tenant, Então a operação falha",Integridade,Média,Implementado,Admin,Comitentes
JudicialProcessService,src/services/judicial-process.service.ts,116:116,Criação automática de comitente judicial ao vincular processo a uma vara sem comitente,RN-GAP-001,,Não,Não,"Dado um processo judicial vinculado a uma nova vara, Quando o processo é criado e a vara não tem comitente, Então um comitente judicial deve ser criado automaticamente",Automação,Média,Implementado,Admin,Processos Judiciais
CurrencyRatesService,src/services/currency-rates.service.ts,27:27,Busca de cotações em tempo real (USD/EUR) com base no BRL,RN-020.3,,Não,Não,"Dado que o sistema precisa exibir valores em outras moedas, Quando as taxas são solicitadas, Então o sistema deve buscar no provedor externo e normalizar",Integração,Baixa,Implementado,Sistema,Moedas
BidderService,src/services/bidder.service.ts,33:33,Criação automática de perfil de bidder no primeiro acesso se não existir,RN-019,,Não,Não,"Dado um usuário recém-criado, Quando acessa o dashboard do arrematante pela primeira vez, Então um perfil de bidder deve ser criado automaticamente",Ciclo de Vida,Baixa,Implementado,Arrematante,Bidder
RealtimeBidsService,src/services/realtime-bids.service.ts,39:39,Broadcast de eventos de lance via EventEmitter para integração com Socket.io,RN-REALTIME-001,,Não,Não,"Dado que um lance é validado pelo motor, Quando o evento é emitido, Então todos os ouvintes (webhooks/sockets) devem ser notificados",Tempo Real,Alta,Implementado,Sistema,Lances
LotRepository,src/repositories/lot.repository.ts,13:13,Filtragem de lotes por tenantId é mandatória em todas as buscas,RN-001,,Não,Não,"Dado uma busca por lotes, Quando o tenantId é fornecido, Então o resultado deve conter apenas lotes pertencentes àquele tenant",Multi-tenant,Bloqueante,Implementado,Sistema,Lotes
AuctionRepository,src/repositories/auction.repository.ts,30:30,Chamadas públicas permitem busca de leilão cross-tenant (sem tenantId),RN-001,,Não,Não,"Dado uma busca pública por ID de leilão, Quando o tenantId não é passado, Então o sistema deve localizar o leilão independente do tenant",Multi-tenant,Alta,Implementado,Sistema,Leilão
AuditService,src/services/audit.service.ts,33:33,Registro de auditoria manual para ações críticas não cobertas pela extensão automática,RN-009,,Não,Não,"Dado uma operação administrativa crítica, Quando o serviço de auditoria é chamado, Então um log com traceId e valores antigos/novos deve ser persistido",Auditoria,Alta,Implementado,Admin,Segurança
FipeService,src/services/fipe.service.ts,191:191,Cache de 30 dias para preços FIPE para reduzir latência e custos de API,RN-GAP-005,,Não,Não,"Dado uma consulta de preço FIPE já realizada, Quando a mesma marca/modelo é consultada em menos de 30 dias, Então o valor deve vir do cache local",Integração/Performance,Baixa,Implementado,Sistema,Veículos
FipeService,src/services/fipe.service.ts,226:226,Avaliação de veículos permite ajustes por quilometragem e estado de conservação,RN-GAP-005,,Não,Não,"Dado um veículo com km acima da média, Quando a avaliação é processada, Então o valor final deve sofrer depreciação proporcional",Financeiro,Média,Implementado,Arrematante,Veículos
InstallmentPaymentService,src/services/installment-payment.service.ts,33:33,Cálculo de juros (1.5% ao mês) aplicado em parcelamentos de arremate,RN-GAP-002,,Não,Não,"Dado um arremate de 1000 parcelado em 2x, Quando as parcelas são geradas, Então o valor total com juros deve ser 1030 (1.5% x 2)",Financeiro,Alta,Implementado,Arrematante,Financeiro
InstallmentPaymentService,src/services/installment-payment.service.ts,65:65,Validação mandatória de tenantId ao atualizar status de pagamento de parcelas,RN-001,,Não,Não,"Dado um pagamento do tenant A, Quando um usuário do tenant B tenta marcar como PAGO, Então o sistema deve bloquear o acesso",Segurança/Multi-tenant,Bloqueante,Implementado,Admin,Financeiro
DocumentService,src/services/document.service.ts,40:40,Upload de documento coloca o status em PENDING_ANALYSIS e dispara checagem de habilitação,RN-AD-007,,Não,Não,"Dado um usuário que envia um novo documento, Quando o upload é concluído, Então o status do documento deve ser PENDING_ANALYSIS e a regra de habilitação do usuário deve ser reavaliada",Elegibilidade,Alta,Implementado,Arrematante,Documentos
DocumentService,src/services/document.service.ts,65:65,Aprovação/Rejeição administrativa de documento reavalia habilitação do usuário,RN-AD-007,,Não,Não,"Dado um documento em análise, Quando o administrador aprova o documento, Então a habilitação do usuário deve ser reavaliada automaticamente",Elegibilidade,Alta,Implementado,Admin,Documentos
MediaEntityLinksService,src/services/media-entity-links.service.ts,20:20,Mapeamento reverso de mídias para identificar entidades vinculadas,RN-005,,Não,Não,"Dado um ID de mídia, Quando o serviço de links é chamado, Então deve retornar todas as entidades (Ativo, Leilão, etc) que usam essa mídia",Integridade,Baixa,Implementado,Admin,Mídia
AuctionStageService,src/services/auction-stage.service.ts,11:11,Gerenciamento de praças/etapas do leilão com descontos progressivos,RN-PRACA-001,,Não,Não,"Dado um leilão com 2 praças, Quando a segunda praça inicia, Então o desconto configurado deve ser aplicado ao lance mínimo inicial",Financeiro,Alta,Implementado,Sistema,Leilão
DirectSaleOfferService,src/services/direct-sale-offer.service.ts,42:42,Criação de ofertas de venda direta com publicId único (DSO-...),RN-021,,Não,Não,"Dado uma nova oferta de venda direta, Quando salva no banco, Então deve possuir um publicId no formato DSO-UUID",Integridade,Média,Implementado,Sistema,Venda Direta
LottingService,src/services/lotting.service.ts,33:33,Loteamento prioriza ativos com status DISPONIVEL para evitar duplicação,RN-AD-001,,Não,Não,"Dado um ativo já LOTEADO, Quando o serviço de loteamento busca ativos disponíveis, Então o ativo já loteado não deve aparecer por padrão",Filtragem/Integridade,Média,Implementado,Admin,Lotes
LottingService,src/services/lotting.service.ts,144:144,Alertas de loteamento para ativos ocupados ou sem avaliação,RN-GAP-001,,Não,Não,"Dado um ativo marcado como ocupado, Quando o snapshot de loteamento é gerado, Então um alerta de alta severidade deve ser incluído",UI/UX,Baixa,Implementado,Admin,Lotes
UserWinService,src/services/user-win.service.ts,11:11,Gerenciamento centralizado de arremates e integração com financeiro,RN-019,,Não,Não,"Dado um lote arrematado, Quando o vencedor é definido, Então o registro de UserWin deve ser criado para disparar o fluxo de cobrança",Financeiro,Alta,Implementado,Sistema,Arremates
AuctionActions,src/app/admin/auctions/actions.ts,33:33,Busca de leilões com conversão de BigInt para string para serialização segura,RN-012,,Não,Não,"Dado um leilão com ID BigInt, Quando os dados são enviados para o frontend via Server Action, Então o ID deve ser convertido para string",Integridade,Alta,Implementado,Sistema,Leilão
AuctionActions,src/app/admin/auctions/actions.ts,204:204,Atualização de leilão revalida caminhos /admin/auctions para atualizar cache,RN-014,,Não,Não,"Dado uma alteração em um leilão, Quando salva com sucesso, Então a lista administrativa de leilões deve ser atualizada via revalidatePath",UI/UX,Média,Implementado,Admin,Leilão
AuctionActions,src/app/admin/auctions/actions.ts,226:226,Título do leilão deve ter pelo menos 5 caracteres,RN-003,,Não,Não,"Dado um novo título de leilão, Quando o título tem menos de 5 caracteres, Então o sistema deve retornar erro de validação",Validação,Baixa,Implementado,Admin,Leilão
AuthActions,src/app/auth/actions.ts,65:65,Validação de tenant via header x-tenant-id no login,RN-001,,Não,Não,"Dado uma tentativa de login, Quando o tenantId não é passado explicitamente, Então o sistema deve extrair do header injetado pelo middleware",Segurança,Alta,Implementado,Sistema,Autenticação
AuthActions,src/app/auth/actions.ts,110:110,Login exige usuário existente e com senha cadastrada,RN-010,,Não,Não,"Dado um e-mail não cadastrado, Quando tenta login, Então o sistema deve retornar erro de credenciais inválidas",Segurança,Bloqueante,Implementado,Arrematante,Autenticação
AuthActions,src/app/auth/actions.ts,158:158,Sessão de login vincula usuário ao tenant específico,RN-001,,Não,Não,"Dado um login bem sucedido, Quando a sessão é criada, Então ela deve conter o tenantId do contexto atual",Multi-tenant,Bloqueante,Implementado,Arrematante,Autenticação
MapSearchLogic,src/app/map-search/map-search-logic.ts,27:27,Filtragem de datasets específicos para exibição no mapa,RN-MAP-001,,Não,Não,"Dado um parâmetro de dataset, Quando a lógica de mapa é processada, Então deve retornar apenas itens daquela categoria (lots, direct_sale, etc)",UI/UX,Baixa,Implementado,Arrematante,Busca por Mapa
SearchPage,src/app/search/page.tsx,113:113,Carregamento antecipado de categorias, comitentes e configurações para filtros,RN-SEARCH-001,,Não,Não,"Dado o carregamento da página de pesquisa, Quando montado o componente, Então os dados essenciais para filtros devem ser buscados via Promise.all",Performance,Média,Implementado,Arrematante,Busca Avançada
SearchPage,src/app/search/page.tsx,239:239,Filtragem client-side por categoria, faixa de preço, localização e comitente,RN-SEARCH-004,,Não,Não,"Dado uma lista de itens, Quando o usuário seleciona uma localização, Então a lista deve ser filtrada em tempo real para exibir apenas itens daquela região",UI/UX,Média,Implementado,Arrematante,Busca Avançada
SearchPage,src/app/search/page.tsx,281:281,Cálculo de deságio (%) para ordenação de lotes por maior oportunidade,RN-GAP-004,,Não,Não,"Dado um lote com avaliação de 1000 e preço de 600, Quando ordenado por deságio, Então o sistema deve calcular 40% de desconto para o ranking",Financeiro,Baixa,Implementado,Arrematante,Busca Avançada
AdminLayout,src/app/admin/layout.tsx,28:28,Acesso à área administrativa exige autenticação e permissões específicas,RN-010,,Não,Não,"Dado um usuário não logado, Quando tenta acessar /admin, Então deve ser redirecionado para o login",Segurança,Bloqueante,Implementado,Admin,Segurança
AdminLayout,src/app/admin/layout.tsx,34:34,Usuários autenticados sem permissões ADMIN_ACCESS_PERMISSIONS veem tela de erro,RN-010,,Não,Não,"Dado um Arrematante logado, Quando tenta acessar /admin, Então deve visualizar uma mensagem de acesso negado",Segurança,Alta,Implementado,Arrematante,Segurança
CheckoutActions,src/app/checkout/[winId]/actions.ts,52:52,Pagamento via cartão de crédito marca UserWin como PAGO imediatamente,RN-019,,Não,Não,"Dado um arremate pendente, Quando o usuário paga via cartão de crédito, Então o status do arremate deve mudar para PAGO",Financeiro,Alta,Implementado,Arrematante,Checkout
CheckoutActions,src/app/checkout/[winId]/actions.ts,62:62,Pagamento parcelado exige pelo menos 2 parcelas,RN-019,,Não,Não,"Dado uma tentativa de parcelamento, Quando o usuário seleciona apenas 1 parcela, Então o sistema deve retornar erro",Validação,Média,Implementado,Arrematante,Checkout
CheckoutActions,src/app/checkout/[winId]/actions.ts,70:70,Pagamento parcelado muda status para PROCESSANDO e gera parcelas no financeiro,RN-019,,Não,Não,"Dado um arremate pendente, Quando o usuário escolhe pagar em 3x, Então o status muda para PROCESSANDO e 3 registros de InstallmentPayment são criados",Financeiro,Alta,Implementado,Arrematante,Checkout
BidExpertCard,src/components/BidExpertCard.tsx,11:11,Obrigatoriedade de uso do BidExpertCard como dispatcher de cards,RN-002,,Não,Não,"Dado uma listagem de itens, Quando um card precisa ser renderizado, Então o desenvolvedor deve usar o BidExpertCard",Padrão de Código,Alta,Implementado,Sistema,Componentes
LotCard,src/components/cards/lot-card.tsx,174:174,Exibição de badge 'Oportunidade' se o deságio for maior ou igual a 40%,RN-GAP-004,,Não,Não,"Dado um lote com 45% de desconto, Quando o card é renderizado, Então o badge Oportunidade deve estar visível",Marketing,Média,Implementado,Arrematante,Marketing
LotCard,src/components/cards/lot-card.tsx,257:257,Calculadora de próximo lance mínimo exibida no card do lote,RN-PRACA-001,,Não,Não,"Dado um lote em aberto, Quando o card é visualizado, Então o valor do próximo lance aceitável deve ser exibido claramente",UI/UX,Baixa,Implementado,Arrematante,Lances
LotCard,src/components/cards/lot-card.tsx,278:278,Indicador de visualização social (Social Proof) baseado no contador de views,RN-GAP-003,,Não,Não,"Dado um lote com 100 visualizações, Quando o card é carregado, Então deve exibir '10 olhando agora'",Marketing,Baixa,Implementado,Arrematante,Marketing
AddressGroup,src/components/address-group.tsx,25:25,AddressGroup deve ser usado em todos os formulários com endereço,RN-004,,Não,Não,"Dado um formulário de cadastro de leiloeiro, Quando o endereço é solicitado, Então o componente AddressGroup deve ser utilizado",Padrão de Código,Alta,Implementado,Admin,Componentes
AddressGroup,src/components/address-group.tsx,45:45,Seleção de cidade é dependente da seleção prévia do estado,RN-004,,Não,Não,"Dado um formulário de endereço, Quando nenhum estado está selecionado, Então o seletor de cidades deve estar desabilitado",Validação/UX,Média,Implementado,Arrematante,Componentes
TimezoneLib,src/lib/timezone.ts,7:7,Uso obrigatório de funções de timezone para consistência de datas (São Paulo),RN-016,,Não,Não,"Dado uma data de encerramento de leilão, Quando processada pelo sistema, Então deve garantir o fuso horário de Brasília (São Paulo)",Configuração,Alta,Implementado,Sistema,Datas
Manifest,public/manifest.json,22:22,Atalhos do PWA permitem acesso rápido à criação e listagem de leilões,RN-013,,Não,Não,"Dado o app instalado no celular, Quando o usuário pressiona o ícone, Então deve ver opções para criar novo leilão",UI/UX,Baixa,Implementado,Admin,PWA
[MD-GAP],context/REGRAS_NEGOCIO_CONSOLIDADO.md,RN-025,Navegação hierárquica entre entidades relacionadas nas tabelas CRUD,RN-025,Links cruzados entre Auction/Lot/Asset/Processo ainda não totalmente implementados em todas as tabelas,Sim,Não,"Dado uma tabela de leilões, Quando o usuário clica no link de lotes, Então deve ser levado para a listagem de lotes filtrada",UX/Navegação,Média,Gap Identificado,Admin,CRUD
[MD-GAP],context/REGRAS_NEGOCIO_CONSOLIDADO.md,RN-AD-008,Notificação automática ao usuário quando seu lance é superado,RN-AD-008,Lógica de disparo de notificação de lance superado não encontrada no BidEngineV2,Sim,Não,"Dado um usuário com o maior lance, Quando outro usuário dá um lance superior, Então o primeiro deve receber uma notificação imediata",Transacional,Alta,Gap Identificado,Arrematante,Lances
[MD-GAP],context/REGRAS_NEGOCIO_CONSOLIDADO.md,RN-AD-004,Cálculo de comissão da plataforma deve ser centralizado e ler das configurações,RN-AD-004,Vários pontos no frontend ainda usam fallback fixo de 5% em vez de ler do PlatformSettings,Sim,Não,"Dado uma arrematação de 1000, Quando calculada a comissão de 5%, Então o valor deve ser 50 independente de fallbacks de código",Financeiro,Alta,Gap Identificado,Sistema,Financeiro
